<application>
  <component name="CodeVisionSettings">
    <option name="codeVisionGroupToPosition">
      <map>
        <entry key="vcs.code.vision" value="Default" />
      </map>
    </option>
  </component>
  <component name="InlayHintsSettings">
    <option name="disabledHintProviderIds">
      <set>
        <option value="ObjectiveC.oc.type.hints" />
      </set>
    </option>
    <option name="disabledLanguages">
      <set>
        <option value="ObjectiveC" />
      </set>
    </option>
    <settingsMapElement>
      <ObjectiveC.oc.type.hints>
        <ClionClangTypeHintSettings>
          <option name="showDeducedParameterTypes" value="false" />
          <option name="showDeducedReturnTypes" value="false" />
          <option name="showForLambdas" value="false" />
          <option name="showForVariables" value="false" />
        </ClionClangTypeHintSettings>
      </ObjectiveC.oc.type.hints>
    </settingsMapElement>
  </component>
</application>